"Message",Low,"Avvio della compilazione .NET Native"
"Message",Low,""
"Message",Low,""
"Message",Low,"Attività ""Gatekeeper"""
"Message",Normal,"Avvio di 'C:\Program Files (x86)\Microsoft SDKs\UWPNuGetPackages\runtime.win10-arm.microsoft.net.native.compiler\2.2.7-rel-27913-00\tools\ARM\ilc\ilc.exe --gatekeeper @""C:\Users\FrancescoFioravanti\source\repos\ttsrl\TTPackStartup\TTPackStartup\obj\ARM\Release\ilc\intermediate\gkargs.rsp""'"
"Message",Low,"Microsoft (R) .NET Native Gatekeeper versione 2.2.27913.00 "
"Message",Low,"Copyright (C) Microsoft Corporation.  All rights reserved. "
"Message",Low," "
"Message",Low,"ILCTelemetry: System.ArgumentException: Could not deserialize to TelemetrySession object"
"Message",Low,"Nome parametro: serializedSession ---> System.Runtime.Serialization.SerializationException: Errore durante la deserializzazione dell'oggetto di tipo Microsoft.VisualStudio.Telemetry.TelemetrySessionSettings. Previsto token '""'. Trovato 'I'. ---> System.Xml.XmlException: Previsto token '""'. Trovato 'I'."
"Message",Low,"   in System.Xml.XmlExceptionHelper.ThrowXmlException(XmlDictionaryReader reader, String res, String arg1, String arg2, String arg3)"
"Message",Low,"   in System.Xml.XmlExceptionHelper.ThrowTokenExpected(XmlDictionaryReader reader, String expected, Char found)"
"Message",Low,"   in System.Runtime.Serialization.Json.XmlJsonReader.ReadServerTypeAttribute(Boolean consumedObjectChar)"
"Message",Low,"   in System.Runtime.Serialization.Json.XmlJsonReader.ReadAttributes()"
"Message",Low,"   in System.Runtime.Serialization.Json.XmlJsonReader.ReadNonExistentElementName(StringHandleConstStringType elementName)"
"Message",Low,"   in System.Runtime.Serialization.Json.XmlJsonReader.Read()"
"Message",Low,"   in System.Xml.XmlBaseReader.IsStartElement()"
"Message",Low,"   in System.Xml.XmlBaseReader.IsStartElement(XmlDictionaryString localName, XmlDictionaryString namespaceUri)"
"Message",Low,"   in System.Runtime.Serialization.XmlReaderDelegator.IsStartElement(XmlDictionaryString localname, XmlDictionaryString ns)"
"Message",Low,"   in System.Runtime.Serialization.XmlObjectSerializer.IsRootElement(XmlReaderDelegator reader, DataContract contract, XmlDictionaryString name, XmlDictionaryString ns)"
"Message",Low,"   in System.Runtime.Serialization.Json.DataContractJsonSerializer.InternalIsStartObject(XmlReaderDelegator reader)"
"Message",Low,"   in System.Runtime.Serialization.Json.DataContractJsonSerializer.InternalReadObject(XmlReaderDelegator xmlReader, Boolean verifyObjectName)"
"Message",Low,"   in System.Runtime.Serialization.XmlObjectSerializer.InternalReadObject(XmlReaderDelegator reader, Boolean verifyObjectName, DataContractResolver dataContractResolver)"
"Message",Low,"   in System.Runtime.Serialization.XmlObjectSerializer.ReadObjectHandleExceptions(XmlReaderDelegator reader, Boolean verifyObjectName, DataContractResolver dataContractResolver)"
"Message",Low,"   --- Fine della traccia dello stack dell'eccezione interna ---"
"Message",Low,"   in System.Runtime.Serialization.XmlObjectSerializer.ReadObjectHandleExceptions(XmlReaderDelegator reader, Boolean verifyObjectName, DataContractResolver dataContractResolver)"
"Message",Low,"   in System.Runtime.Serialization.Json.DataContractJsonSerializer.ReadObject(XmlDictionaryReader reader)"
"Message",Low,"   in System.Runtime.Serialization.Json.DataContractJsonSerializer.ReadObject(Stream stream)"
"Message",Low,"   in Microsoft.VisualStudio.Telemetry.TelemetrySessionSettings.Deserialize(String settings)"
"Message",Low,"   in Microsoft.VisualStudio.Telemetry.TelemetrySessionSettings.Parse(String serializedSession)"
"Message",Low,"   --- Fine della traccia dello stack dell'eccezione interna ---"
"Message",Low,"   in Microsoft.VisualStudio.Telemetry.TelemetrySessionSettings.Parse(String serializedSession)"
"Message",Low,"   in ILCTelemetry.Program.ReadEvents()"
"Message",Low,"   in ILCTelemetry.Program.Main(String[] args)"
"Message",Low,"Verifica dell'assembly 'C:\Users\FrancescoFioravanti\source\repos\ttsrl\TTPackStartup\TTPackStartup\obj\ARM\Release\ilc\in\Modbus.dll'. "
"Message",Low,"Verifica dell'assembly 'C:\Users\FrancescoFioravanti\source\repos\ttsrl\TTPackStartup\TTPackStartup\obj\ARM\Release\ilc\in\TouchPanels.dll'. "
"Message",Low,"Verifica dell'assembly 'C:\Users\FrancescoFioravanti\source\repos\ttsrl\TTPackStartup\TTPackStartup\obj\ARM\Release\ilc\in\TTPackStartup.exe'. "
"Message",Normal,"'C:\Program Files (x86)\Microsoft SDKs\UWPNuGetPackages\runtime.win10-arm.microsoft.net.native.compiler\2.2.7-rel-27913-00\tools\ARM\ilc\ilc.exe --gatekeeper @""C:\Users\FrancescoFioravanti\source\repos\ttsrl\TTPackStartup\TTPackStartup\obj\ARM\Release\ilc\intermediate\gkargs.rsp""' completato."
"Message",Normal,"Statistiche di esecuzione dei processi (tempi espressi in millisecondi)"
"Message",Normal,"-----------------------------------------------------------------------------"
"Message",Normal,"avvio | inizio | arresto | fine | durata | ciclo di vita | nome [slot]"
"Message",Normal,"-----------------------------------------------------------------------------"
"Message",Normal,"       0 |       16 |      344 |      344 |      328 |      344 | [0] Gatekeeper"
"Message",Normal,"Numero di comandi:      1"
"Message",Normal,"Tempo di sistema totale:       344 ms"
"Message",Normal,"Tempo di sistema per comando: 344 ms"
"Message",Normal,"Durata totale:          328 ms"
"Message",Normal,"Ciclo di vita totale:          344 ms"
"Message",Normal,"DOP richiesto:           4"
"Message",Normal,"DOP durata:            1,0"
"Message",Normal,"DOP ciclo di vita:            1,0"
"Message",Low,"L'esecuzione dell'attività ""Gatekeeper"" è stata completata."
"Message",Low,"La compilazione della destinazione ""RunGatekeeper"" nel file ""Preparation"" è stata completata."
"Message",Low,""
"Message",Low,"La compilazione della destinazione ""CreateToolchainGeneratedAssembly"" nel file ""Preparation"" è stata completata."
"Message",Low,""
"Message",Low,"Attività ""PreMergeAssemblyClosure"""
"Message",Low,"L'esecuzione dell'attività ""PreMergeAssemblyClosure"" è stata completata."
"Message",Low,"La compilazione della destinazione ""ConstructPreMergeAssemblyClosure"" nel file ""Preparation"" è stata completata."
"Message",Low,""
"Message",Low,"Attività ""McgReferenceResolveFilePath"""
"Message",Low,"L'esecuzione dell'attività ""McgReferenceResolveFilePath"" è stata completata."
"Message",Low,"La compilazione della destinazione ""PreResolveTransforms"" nel file ""Preparation"" è stata completata."
"Message",Low,""
"Message",Low,"Attività ""ResolveToolchainRequiredAssemblyRoots"""
"Message",Low,"L'esecuzione dell'attività ""ResolveToolchainRequiredAssemblyRoots"" è stata completata."
"Message",Low,"Attività ""ILTransformAssemblyClosure"""
"Message",Low,"L'esecuzione dell'attività ""ILTransformAssemblyClosure"" è stata completata."
"Message",Low,"Attività ""ResolveToolchainRequiredAssemblyRoots"""
"Message",Low,"L'esecuzione dell'attività ""ResolveToolchainRequiredAssemblyRoots"" è stata completata."
"Message",Low,"Attività ""ReducedCopyAssemblyClosure"""
"Message",Low,"L'esecuzione dell'attività ""ReducedCopyAssemblyClosure"" è stata completata."
"Message",Low,"La compilazione della destinazione ""ConstructILTransformAssemblyClosure"" nel file ""Preparation"" è stata completata."
"Message",Low,"La compilazione del progetto ""Preparation"" è stata completata."
"Message",Low,""
"Message",Low,""
"Message",High,"Elaborazione del codice dell'applicazione"
"Message",Low,"Attività ""RunILTransforms"""
"Message",Normal,"È in esecuzione la trasformazione di 'DumpNativeResources' con heap a 109 MB."
"Message",Normal,"È in esecuzione la trasformazione di 'Analysis' con heap a 123 MB."
"Message",Low,"Caricamento dei moduli di 74..."
"Message",Normal,"Direttive di reflection importate dai file di 9:"
"Message",Normal,"C:\Users\FrancescoFioravanti\source\repos\ttsrl\TTPackStartup\TTPackStartup\obj\ARM\Release\ilc\in\Properties\Default.rd.xml"
"Message",Normal,"C:\Users\FrancescoFioravanti\source\repos\ttsrl\TTPackStartup\TTPackStartup\obj\ARM\Release\ilc\in\TouchPanels\Properties\TouchPanels.rd.xml"
"Message",Normal,"Manifesto incorporato in System.Private.Interop: Resources.System.Private.Interop.rd.xml"
"Message",Normal,"Manifesto incorporato in System.Private.WinRTInterop.CoreLib: Resources.System.Private.WinRTInterop.CoreLib.rd.xml"
"Message",Normal,"Manifesto incorporato in System.Runtime.WindowsRuntime.UI.Xaml: Resources.System.Runtime.WindowsRuntime.UI.Xaml.rd.xml"
"Message",Normal,"Manifesto incorporato in System.Private.CoreLib: Resources.System.Private.CoreLib.rd.xml"
"Message",Normal,"Manifesto incorporato in System.Private.Uri: Resources.System.Private.Uri.rd.xml"
"Message",Normal,"Manifesto incorporato in System.Private.Reflection.Core: System.Private.Reflection.Core.rd.xml"
"Message",Normal,"Manifesto incorporato in System.Net.Primitives: Resources.System.Net.Primitives.rd.xml"
"Message",Normal,"Radici XAML importate dai file di 2:"
"Message",Normal,"C:\Users\FrancescoFioravanti\source\repos\ttsrl\TTPackStartup\TTPackStartup\obj\ARM\Release\ilc\in\TTPackStartup.xr.xml"
"Message",Normal,"C:\Users\FrancescoFioravanti\source\repos\ttsrl\TTPackStartup\TTPackStartup\obj\ARM\Release\ilc\in\TouchPanels\TouchPanels.xr.xml"
"Message",Normal,"È in esecuzione la trasformazione di 'Mcg' con heap a 209 MB."
"Message",High,"Calcolo della chiusura dell'applicazione e generazione del codice di interoperabilità"
"Message",High,"  Caricamento dei moduli di 74 in corso..."
"Message",Normal,"          P/Invoke 'RhpGetFuncEvalParameterBufferSize' con [DllImport(ExactSpelling=true)] è stato risolto in '[MRT]!RhpGetFuncEvalParameterBufferSize'."
"Message",Normal,"          P/Invoke 'RhpGetFuncEvalMode' con [DllImport(ExactSpelling=true)] è stato risolto in '[MRT]!RhpGetFuncEvalMode'."
"Message",Normal,"          P/Invoke 'RhpRecordDebuggeeInitiatedHandle' con [DllImport(ExactSpelling=true)] è stato risolto in '[MRT]!RhpRecordDebuggeeInitiatedHandle'."
"Message",Normal,"          P/Invoke 'RhpVerifyDebuggerCleanup' con [DllImport(ExactSpelling=true)] è stato risolto in '[MRT]!RhpVerifyDebuggerCleanup'."
"Message",Normal,"          P/Invoke 'RhpGetCurrentThread' con [DllImport(ExactSpelling=true)] è stato risolto in '[MRT]!RhpGetCurrentThread'."
"Message",Normal,"          P/Invoke 'RhWaitForPendingFinalizers' con [DllImport(ExactSpelling=true)] è stato risolto in '[MRT]!RhWaitForPendingFinalizers'."
"Message",Normal,"          P/Invoke 'RhYield' con [DllImport(ExactSpelling=true)] è stato risolto in '[MRT]!RhYield'."
"Message",Normal,"          P/Invoke 'RhFlushProcessWriteBuffers' con [DllImport(ExactSpelling=true)] è stato risolto in '[MRT]!RhFlushProcessWriteBuffers'."
"Message",Normal,"          P/Invoke 'RhCompatibleReentrantWaitAny' con [DllImport(ExactSpelling=true)] è stato risolto in '[MRT]!RhCompatibleReentrantWaitAny'."
"Message",Normal,"          P/Invoke 'RhCallDescrWorker' con [DllImport(ExactSpelling=true)] è stato risolto in '[MRT]!RhCallDescrWorker'."
"Message",Normal,"          P/Invoke '_ecvt_s' con [DllImport(ExactSpelling=true)] è stato risolto in '[MRT]!_ecvt_s'."
"Message",Normal,"          P/Invoke 'memmove' con [DllImport(ExactSpelling=true)] è stato risolto in '[MRT]!memmove'."
"Message",Normal,"          P/Invoke 'memset' con [DllImport(ExactSpelling=true)] è stato risolto in '[MRT]!memset'."
"Message",Normal,"          P/Invoke 'CallingConventionConverter_GetStubs' con [DllImport(ExactSpelling=true)] è stato risolto in '*!CallingConventionConverter_GetStubs'."
"Message",Normal,"          P/Invoke 'CallingConventionConverter_SpecifyCommonStubData' con [DllImport(ExactSpelling=true)] è stato risolto in '*!CallingConventionConverter_SpecifyCommonStubData'."
"Message",Normal,"          P/Invoke 'WindowsCreateStringReference' è stato risolto in 'WindowsCreateStringReference!api-ms-win-core-winrt-string-l1-1-0.dll' da 'SupportedAPIs.xml'."
"Message",Normal,"          P/Invoke 'GetLastError' è stato risolto in 'GetLastError!api-ms-win-core-errorhandling-l1-1-0.dll' da 'SupportedAPIs.xml'."
"Message",Normal,"          P/Invoke 'SetLastError' è stato risolto in 'SetLastError!api-ms-win-core-errorhandling-l1-1-0.dll' da 'SupportedAPIs.xml'."
"Message",Normal,"          P/Invoke 'RoInitialize' è stato risolto in 'RoInitialize!api-ms-win-core-winrt-l1-1-0.dll' da 'SupportedAPIs.xml'."
"Message",Normal,"          P/Invoke 'IsValidLocaleName' è stato risolto in 'IsValidLocaleName!api-ms-win-core-localization-l1-2-0.dll' da 'SupportedAPIs.xml'."
"Message",Normal,"          P/Invoke 'ResolveLocaleName' è stato risolto in 'ResolveLocaleName!api-ms-win-core-localization-l1-2-0.dll' da 'SupportedAPIs.xml'."
"Message",Normal,"          P/Invoke 'SetCommState' è stato risolto in 'SetCommState!kernel32.dll' da 'SupportedAPIs.xml'."
"Message",Normal,"          P/Invoke 'GetFileType' è stato risolto in 'GetFileType!kernel32.dll' da 'SupportedAPIs.xml'."
"Message",Normal,"          P/Invoke 'GetCommProperties' è stato risolto in 'GetCommProperties!kernel32.dll' da 'SupportedAPIs.xml'."
"Message",Normal,"          P/Invoke 'GetCommModemStatus' è stato risolto in 'GetCommModemStatus!kernel32.dll' da 'SupportedAPIs.xml'."
"Message",Normal,"          P/Invoke 'SetCommTimeouts' è stato risolto in 'SetCommTimeouts!kernel32.dll' da 'SupportedAPIs.xml'."
"Message",Normal,"          P/Invoke 'SetCommMask' è stato risolto in 'SetCommMask!kernel32.dll' da 'SupportedAPIs.xml'."
"Message",Normal,"          P/Invoke 'SetupComm' è stato risolto in 'SetupComm!kernel32.dll' da 'SupportedAPIs.xml'."
"Message",Normal,"          P/Invoke 'PurgeComm' è stato risolto in 'PurgeComm!kernel32.dll' da 'SupportedAPIs.xml'."
"Message",Normal,"          P/Invoke 'ClearCommError' è stato risolto in 'ClearCommError!kernel32.dll' da 'SupportedAPIs.xml'."
"Message",Normal,"          P/Invoke 'EscapeCommFunction' è stato risolto in 'EscapeCommFunction!kernel32.dll' da 'SupportedAPIs.xml'."
"Message",Normal,"          P/Invoke 'FlushFileBuffers' è stato risolto in 'FlushFileBuffers!kernel32.dll' da 'SupportedAPIs.xml'."
"Message",Normal,"          P/Invoke 'OpenCommPort' è stato risolto in 'OpenCommPort!api-ms-win-core-comm-l1-1-1.dll' da 'SupportedAPIs.xml'."
"Message",Normal,"          P/Invoke 'GetCommState' è stato risolto in 'GetCommState!kernel32.dll' da 'SupportedAPIs.xml'."
"Message",Normal,"          P/Invoke 'WriteFile' è stato risolto in 'WriteFile!kernel32.dll' da 'SupportedAPIs.xml'."
"Message",Normal,"          P/Invoke 'WriteFile' è stato risolto in 'WriteFile!kernel32.dll' da 'SupportedAPIs.xml'."
"Message",Normal,"          P/Invoke 'GetCPInfoExW' è stato risolto in 'GetCPInfoExW!kernel32.dll' da 'SupportedAPIs.xml'."
"Message",Normal,"          P/Invoke 'getsockname' è stato risolto in 'getsockname!ws2_32.dll' da 'SupportedAPIs.xml'."
"Message",Normal,"          P/Invoke 'send' è stato risolto in 'send!ws2_32.dll' da 'SupportedAPIs.xml'."
"Message",Normal,"          P/Invoke 'sendto' è stato risolto in 'sendto!ws2_32.dll' da 'SupportedAPIs.xml'."
"Message",Normal,"          P/Invoke 'recv' è stato risolto in 'recv!ws2_32.dll' da 'SupportedAPIs.xml'."
"Message",Normal,"          P/Invoke 'getsockopt' è stato risolto in 'getsockopt!ws2_32.dll' da 'SupportedAPIs.xml'."
"Message",Normal,"          P/Invoke 'shutdown' è stato risolto in 'shutdown!ws2_32.dll' da 'SupportedAPIs.xml'."
"Message",Normal,"          P/Invoke 'setsockopt' è stato risolto in 'setsockopt!ws2_32.dll' da 'SupportedAPIs.xml'."
"Message",Normal,"          P/Invoke 'ReadFile' è stato risolto in 'ReadFile!kernel32.dll' da 'SupportedAPIs.xml'."
"Message",Normal,"          P/Invoke 'ReadFile' è stato risolto in 'ReadFile!kernel32.dll' da 'SupportedAPIs.xml'."
"Message",Normal,"          P/Invoke 'CoCreateInstance' è stato risolto in 'CoCreateInstance!api-ms-win-core-com-l1-1-0.dll' da 'SupportedAPIs.xml'."
"Message",Normal,"          P/Invoke 'select' è stato risolto in 'select!ws2_32.dll' da 'SupportedAPIs.xml'."
"Message",Normal,"          P/Invoke 'select' è stato risolto in 'select!ws2_32.dll' da 'SupportedAPIs.xml'."
"Message",Normal,"          P/Invoke 'recvfrom' è stato risolto in 'recvfrom!ws2_32.dll' da 'SupportedAPIs.xml'."
"Message",Normal,"          P/Invoke 'getsockopt' è stato risolto in 'getsockopt!ws2_32.dll' da 'SupportedAPIs.xml'."
"Message",Normal,"          P/Invoke 'getsockopt' è stato risolto in 'getsockopt!ws2_32.dll' da 'SupportedAPIs.xml'."
"Message",Normal,"          P/Invoke 'getsockopt' è stato risolto in 'getsockopt!ws2_32.dll' da 'SupportedAPIs.xml'."
"Message",Normal,"          P/Invoke 'WSAStartup' è stato risolto in 'WSAStartup!ws2_32.dll' da 'SupportedAPIs.xml'."
"Message",Normal,"          P/Invoke 'getpeername' è stato risolto in 'getpeername!ws2_32.dll' da 'SupportedAPIs.xml'."
"Message",Normal,"          P/Invoke 'ioctlsocket' è stato risolto in 'ioctlsocket!ws2_32.dll' da 'SupportedAPIs.xml'."
"Message",Normal,"          P/Invoke 'WaitCommEvent' è stato risolto in 'WaitCommEvent!kernel32.dll' da 'SupportedAPIs.xml'."
"Message",Normal,"          P/Invoke 'GetOverlappedResult' è stato risolto in 'GetOverlappedResult!kernel32.dll' da 'SupportedAPIs.xml'."
"Message",Normal,"          P/Invoke 'WSAGetOverlappedResult' è stato risolto in 'WSAGetOverlappedResult!ws2_32.dll' da 'SupportedAPIs.xml'."
"Message",Normal,"          P/Invoke 'GetAddrInfoExW' è stato risolto in 'GetAddrInfoExW!ws2_32.dll' da 'SupportedAPIs.xml'."
"Message",Normal,"          P/Invoke 'ClearCommError' è stato risolto in 'ClearCommError!kernel32.dll' da 'SupportedAPIs.xml'."
"Message",Normal,"          P/Invoke 'SysFreeString' è stato risolto in 'SysFreeString!OleAut32' da 'SupportedAPIs.xml'."
"Message",Normal,"          P/Invoke 'WSASocketW' è stato risolto in 'WSASocketW!ws2_32.dll' da 'SupportedAPIs.xml'."
"Message",Normal,"          P/Invoke 'WSASocketW' è stato risolto in 'WSASocketW!ws2_32.dll' da 'SupportedAPIs.xml'."
"Message",Normal,"          P/Invoke 'closesocket' è stato risolto in 'closesocket!ws2_32.dll' da 'SupportedAPIs.xml'."
"Message",Normal,"          P/Invoke 'FreeAddrInfoExW' è stato risolto in 'FreeAddrInfoExW!ws2_32.dll' da 'SupportedAPIs.xml'."
"Message",Normal,"          P/Invoke 'WSASend' è stato risolto in 'WSASend!ws2_32.dll' da 'SupportedAPIs.xml'."
"Message",Normal,"          P/Invoke 'WSARecv' è stato risolto in 'WSARecv!ws2_32.dll' da 'SupportedAPIs.xml'."
"Message",Normal,"          P/Invoke 'GetStdHandle' è stato risolto in 'GetStdHandle!kernel32.dll' da 'SupportedAPIs.xml'."
"Message",Normal,"          P/Invoke 'FormatMessageW' è stato risolto in 'FormatMessageW!kernel32.dll' da 'SupportedAPIs.xml'."
"Message",Normal,"          P/Invoke 'WriteFile' è stato risolto in 'WriteFile!kernel32.dll' da 'SupportedAPIs.xml'."
"Message",Normal,"          P/Invoke 'GetFileType' è stato risolto in 'GetFileType!kernel32.dll' da 'SupportedAPIs.xml'."
"Message",Normal,"          P/Invoke 'GetConsoleOutputCP' è stato risolto in 'GetConsoleOutputCP!kernel32.dll' da 'SupportedAPIs.xml'."
"Message",Normal,"          P/Invoke 'setsockopt' è stato risolto in 'setsockopt!ws2_32.dll' da 'SupportedAPIs.xml'."
"Message",Normal,"          P/Invoke 'setsockopt' è stato risolto in 'setsockopt!ws2_32.dll' da 'SupportedAPIs.xml'."
"Message",Normal,"          P/Invoke 'RevertToSelf' è stato risolto in 'RevertToSelf!advapi32.dll' da 'SupportedAPIs.xml'."
"Message",Normal,"          P/Invoke 'ImpersonateLoggedOnUser' è stato risolto in 'ImpersonateLoggedOnUser!advapi32.dll' da 'SupportedAPIs.xml'."
"Message",Normal,"          P/Invoke 'gethostname' è stato risolto in 'gethostname!ws2_32.dll' da 'SupportedAPIs.xml'."
"Message",Normal,"          P/Invoke 'WSAConnect' è stato risolto in 'WSAConnect!ws2_32.dll' da 'SupportedAPIs.xml'."
"Message",Normal,"          P/Invoke 'closesocket' è stato risolto in 'closesocket!ws2_32.dll' da 'SupportedAPIs.xml'."
"Message",Normal,"          P/Invoke 'ioctlsocket' è stato risolto in 'ioctlsocket!ws2_32.dll' da 'SupportedAPIs.xml'."
"Message",Normal,"          P/Invoke 'setsockopt' è stato risolto in 'setsockopt!ws2_32.dll' da 'SupportedAPIs.xml'."
"Message",Normal,"          P/Invoke 'ReadFile' è stato risolto in 'ReadFile!kernel32.dll' da 'SupportedAPIs.xml'."
"Message",Normal,"          P/Invoke 'ReadConsoleW' è stato risolto in 'ReadConsoleW!kernel32.dll' da 'SupportedAPIs.xml'."
"Message",Normal,"          P/Invoke 'WriteConsoleW' è stato risolto in 'WriteConsoleW!kernel32.dll' da 'SupportedAPIs.xml'."
"Message",Normal,"          P/Invoke 'bind' è stato risolto in 'bind!ws2_32.dll' da 'SupportedAPIs.xml'."
"Message",Normal,"          P/Invoke 'WSASocketW' è stato risolto in 'WSASocketW!ws2_32.dll' da 'SupportedAPIs.xml'."
"Message",Normal,"          P/Invoke 'closesocket' è stato risolto in 'closesocket!ws2_32.dll' da 'SupportedAPIs.xml'."
"Message",Normal,"          P/Invoke 'GetCurrentThread' è stato risolto in 'GetCurrentThread!kernel32.dll' da 'SupportedAPIs.xml'."
"Message",Normal,"          P/Invoke 'OpenThreadToken' è stato risolto in 'OpenThreadToken!advapi32.dll' da 'SupportedAPIs.xml'."
"Message",Normal,"          P/Invoke 'GetCurrentProcess' è stato risolto in 'GetCurrentProcess!kernel32.dll' da 'SupportedAPIs.xml'."
"Message",Normal,"          P/Invoke 'OpenProcessToken' è stato risolto in 'OpenProcessToken!advapi32.dll' da 'SupportedAPIs.xml'."
"Message",Normal,"          P/Invoke 'GetNameInfoW' è stato risolto in 'GetNameInfoW!ws2_32.dll' da 'SupportedAPIs.xml'."
"Message",Normal,"          P/Invoke 'CloseHandle' è stato risolto in 'CloseHandle!kernel32.dll' da 'SupportedAPIs.xml'."
"Message",Normal,"          P/Invoke 'GetConsoleCP' è stato risolto in 'GetConsoleCP!kernel32.dll' da 'SupportedAPIs.xml'."
"Message",Normal,"          P/Invoke 'GetAddrInfoW' è stato risolto in 'GetAddrInfoW!ws2_32.dll' da 'SupportedAPIs.xml'."
"Message",Normal,"          P/Invoke 'BCryptGenRandom' è stato risolto in 'BCryptGenRandom!BCrypt.dll' da 'SupportedAPIs.xml'."
"Message",Normal,"          P/Invoke 'LsaGetLogonSessionData' è stato risolto in 'LsaGetLogonSessionData!sspicli.dll' da 'SupportedAPIs.xml'."
"Message",Normal,"          P/Invoke 'WideCharToMultiByte' è stato risolto in 'WideCharToMultiByte!kernel32.dll' da 'SupportedAPIs.xml'."
"Message",Normal,"          P/Invoke 'MultiByteToWideChar' è stato risolto in 'MultiByteToWideChar!kernel32.dll' da 'SupportedAPIs.xml'."
"Message",Normal,"          P/Invoke 'WSAIoctl' è stato risolto in 'WSAIoctl!ws2_32.dll' da 'SupportedAPIs.xml'."
"Message",Normal,"          P/Invoke 'SetFileCompletionNotificationModes' è stato risolto in 'SetFileCompletionNotificationModes!kernel32.dll' da 'SupportedAPIs.xml'."
"Message",Normal,"          P/Invoke 'LsaNtStatusToWinError' è stato risolto in 'LsaNtStatusToWinError!advapi32.dll' da 'SupportedAPIs.xml'."
"Message",Normal,"          P/Invoke 'DuplicateTokenEx' è stato risolto in 'DuplicateTokenEx!advapi32.dll' da 'SupportedAPIs.xml'."
"Message",Normal,"          P/Invoke 'CheckTokenMembershipEx' è stato risolto in 'CheckTokenMembershipEx!kernel32.dll' da 'SupportedAPIs.xml'."
"Message",Normal,"          P/Invoke 'freeaddrinfo' è stato risolto in 'freeaddrinfo!ws2_32.dll' da 'SupportedAPIs.xml'."
"Message",Normal,"          P/Invoke 'LsaFreeReturnBuffer' è stato risolto in 'LsaFreeReturnBuffer!sspicli.dll' da 'SupportedAPIs.xml'."
"Message",Normal,"          P/Invoke 'GetCPInfoExW' è stato risolto in 'GetCPInfoExW!kernel32.dll' da 'SupportedAPIs.xml'."
"Message",Normal,"          P/Invoke 'WSASocketW' è stato risolto in 'WSASocketW!ws2_32.dll' da 'SupportedAPIs.xml'."
"Message",Normal,"          P/Invoke 'GetConsoleMode' è stato risolto in 'GetConsoleMode!kernel32.dll' da 'SupportedAPIs.xml'."
"Message",Normal,"          P/Invoke 'GetTokenInformation' è stato risolto in 'GetTokenInformation!advapi32.dll' da 'SupportedAPIs.xml'."
"Message",Normal,"          P/Invoke 'LocalAlloc' è stato risolto in 'LocalAlloc!kernel32.dll' da 'SupportedAPIs.xml'."
"Message",Normal,"          P/Invoke 'LocalFree' è stato risolto in 'LocalFree!kernel32.dll' da 'SupportedAPIs.xml'."
"Message",Normal,"          P/Invoke 'FormatMessageW' è stato risolto in 'FormatMessageW!kernel32.dll' da 'SupportedAPIs.xml'."
"Message",Normal,"          P/Invoke 'FormatMessageW' è stato risolto in 'FormatMessageW!kernel32.dll' da 'SupportedAPIs.xml'."
"Message",Normal,"          P/Invoke 'RoGetBufferMarshaler' è stato risolto in 'RoGetBufferMarshaler!api-ms-win-core-winrt-robuffer-l1-1-0.dll' da 'SupportedAPIs.xml'."
"Message",Normal,"          P/Invoke 'GetTokenInformation' è stato risolto in 'GetTokenInformation!advapi32.dll' da 'SupportedAPIs.xml'."
"Message",Normal,"          P/Invoke 'DuplicateHandle' è stato risolto in 'DuplicateHandle!kernel32.dll' da 'SupportedAPIs.xml'."
"Message",Normal,"          P/Invoke 'LsaLookupSids' è stato risolto in 'LsaLookupSids!advapi32.dll' da 'SupportedAPIs.xml'."
"Message",Normal,"          P/Invoke 'LsaLookupNames2' è stato risolto in 'LsaLookupNames2!advapi32.dll' da 'SupportedAPIs.xml'."
"Message",Normal,"          P/Invoke 'LsaOpenPolicy' è stato risolto in 'LsaOpenPolicy!advapi32.dll' da 'SupportedAPIs.xml'."
"Message",Normal,"          P/Invoke 'LsaClose' è stato risolto in 'LsaClose!advapi32.dll' da 'SupportedAPIs.xml'."
"Message",Normal,"          P/Invoke 'LsaFreeMemory' è stato risolto in 'LsaFreeMemory!advapi32.dll' da 'SupportedAPIs.xml'."
"Message",High,"  Generazione del codice in corso..."
"Message",High,"  Codice di interoperabilità generato."
"Message",Normal,"  Scrittura del codice in AssemblyInfo.g.cs completata"
"Message",Normal,"  Scrittura del codice in Adapters.g.cs completata"
"Message",Normal,"  Scrittura del codice in Data.g.cs completata"
"Message",Normal,"  Scrittura del codice in Helpers.g.cs completata"
"Message",Normal,"  Scrittura del codice in ImplTypes.g.cs completata"
"Message",Normal,"  Scrittura del codice in PInvoke.g.cs completata"
"Message",Normal,"  Scrittura del codice in SafeTypes.g.cs completata"
"Message",Normal,"  Scrittura del codice in SharedStubs.g.cs completata"
"Message",Normal,"È in esecuzione la trasformazione di 'GenerateCodeAndCompile' con heap a 197 MB."
"Message",High,"Compilazione del codice di interoperabilità"
"Message",Normal,"Compilazione del codice sorgente generato: C:\Program Files (x86)\Microsoft SDKs\UWPNuGetPackages\microsoft.net.native.compiler\2.2.7-rel-27913-00\tools\csc\csc.exe /noconfig @""C:\Users\FrancescoFioravanti\source\repos\ttsrl\TTPackStartup\TTPackStartup\obj\ARM\Release\ilc\intermediate\TTPackStartup.McgInterop.rsp"""
"Message",High,"Generazione del codice proxy di System.Reflection.DispatchProxy."
"Message",Normal,"È in esecuzione la trasformazione di 'ReducedCopyInitialize' con heap a 197 MB."
"Message",Normal,"È in esecuzione la trasformazione di 'ReducedCopyEmptyTypes' con heap a 215 MB."
"Message",Normal,"È in esecuzione la trasformazione di 'ReducedCopyPopulateTypes' con heap a 217 MB."
"Message",Normal,"È in esecuzione la trasformazione di 'ReducedCopyLateMetadata' con heap a 233 MB."
"Message",Normal,"È in esecuzione la trasformazione di 'ReducedCopyPassResourcesToMutableAssembly' con heap a 245 MB."
"Message",Normal,"È in esecuzione la trasformazione di 'ReducedCopyMethodBodies' con heap a 246 MB."
"Message",Normal,"È in esecuzione la trasformazione di 'ReducedCopyComplete' con heap a 262 MB."
"Message",Normal,"È in esecuzione la trasformazione di 'ReducedCopyCleanup' con heap a 190 MB."
"Message",Normal,"È in esecuzione la trasformazione di 'DeveloperExperienceModeOnlyCodeRemover' con heap a 190 MB."
"Message",Normal,"È in esecuzione la trasformazione di 'ComImportDetector' con heap a 190 MB."
"Message",Normal,"È in esecuzione la trasformazione di 'McgAccessor' con heap a 190 MB."
"Message",Normal,"È in esecuzione la trasformazione di 'McgRedirect' con heap a 190 MB."
"Message",Normal,"È in esecuzione la trasformazione di 'McgRedirect' con heap a 192 MB."
"Message",Normal,"È in esecuzione la trasformazione di 'McgTypeOf' con heap a 193 MB."
"Message",Normal,"È in esecuzione la trasformazione di 'EventSource' con heap a 196 MB."
"Message",Normal,"È in esecuzione la trasformazione di 'ValueType' con heap a 196 MB."
"Message",Normal,"È in esecuzione la trasformazione di 'Attribute' con heap a 196 MB."
"Message",Normal,"È in esecuzione la trasformazione di 'GetType' con heap a 197 MB."
"Message",Normal,"È in esecuzione la trasformazione di 'McgFixups' con heap a 197 MB."
"Message",Normal,"È in esecuzione la trasformazione di 'ResourceManagerCtor' con heap a 198 MB."
"Message",Normal,"È in esecuzione la trasformazione di 'TypeofTypeHandle' con heap a 198 MB."
"Message",Normal,"È in esecuzione la trasformazione di 'DispatchProxyIntrinsics' con heap a 201 MB."
"Message",Normal,"È in esecuzione la trasformazione di 'StaticInitData' con heap a 201 MB."
"Message",Normal,"È in esecuzione la trasformazione di 'Delegate' con heap a 207 MB."
"Message",Normal,"È in esecuzione la trasformazione di 'LazyGenerics' con heap a 208 MB."
"Message",Normal,"È in esecuzione la trasformazione di 'AddReflectionBlockedAttributes' con heap a 215 MB."
"Message",Normal,"È in esecuzione la trasformazione di 'DisableOptimization' con heap a 215 MB."
"Message",Normal,"È in esecuzione la trasformazione di 'ResourceExtractor' con heap a 215 MB."
"Message",Normal,"È in esecuzione la trasformazione di 'CreateMetadata' con heap a 216 MB."
"Message",Normal,"È in esecuzione la trasformazione di 'StartupCodeInjector' con heap a 224 MB."
"Message",Normal,"È in esecuzione la trasformazione di 'SaveRVAStatics' con heap a 224 MB."
"Message",Normal,"È in esecuzione la trasformazione di 'ReflectionInvoke' con heap a 225 MB."
"Message",Normal,"È in esecuzione la trasformazione di 'ScrubOpenCalls' con heap a 225 MB."
"Message",Normal,"È in esecuzione la trasformazione di 'ConvertCatchIntoFilter' con heap a 225 MB."
"Message",Normal,"È in esecuzione la trasformazione di 'ReflectionMappingInfoEmit' con heap a 225 MB."
"Message",Normal,"È in esecuzione la trasformazione di 'ReflectionIntrinsics' con heap a 226 MB."
"Message",Normal,"È in esecuzione la trasformazione di 'ConvertManagedWinMD' con heap a 226 MB."
"Message",Normal,"È in esecuzione la trasformazione di 'DebuggerGuidedStepThroughJmc' con heap a 226 MB."
"Message",Normal,"È in esecuzione la trasformazione di 'Reducer' con heap a 228 MB."
"Message",High,"Pulizia del codice senza riferimenti"
"Message",Normal,"È in esecuzione la trasformazione di 'WriteAssemblies' con heap a 225 MB."
"Message",Normal,""
"Message",Normal,"Riepilogo trasformazione"
"Message",Normal,"    ms | delta heap | nome"
"Message",Normal,"  7553 |         86 | Analysis"
"Message",Normal,"  2932 |         33 | WriteAssemblies"
"Message",Normal,"  2298 |          0 | GenerateCodeAndCompile"
"Message",Normal,"   884 |        -12 | Mcg"
"Message",Normal,"   861 |         -3 | Reducer"
"Message",Normal,"   821 |        -72 | ReducedCopyComplete"
"Message",Normal,"   299 |         18 | ReducedCopyInitialize"
"Message",Normal,"   175 |         16 | ReducedCopyMethodBodies"
"Message",Normal,"   155 |         16 | ReducedCopyPopulateTypes"
"Message",Normal,"   154 |          1 | ResourceExtractor"
"Message",Normal,"   135 |         14 | DumpNativeResources"
"Message",Normal,"   115 |         12 | ReducedCopyLateMetadata"
"Message",Normal,"   104 |          8 | CreateMetadata"
"Message",Normal,"    74 |          2 | McgRedirect"
"Message",Normal,"    71 |          3 | McgTypeOf"
"Message",Normal,"    60 |          7 | LazyGenerics"
"Message",Normal,"    42 |          6 | StaticInitData"
"Message",Normal,"    41 |          1 | McgRedirect"
"Message",Normal,"    41 |          3 | TypeofTypeHandle"
"Message",Normal,"    20 |          1 | SaveRVAStatics"
"Message",Normal,"    15 |          2 | ReducedCopyEmptyTypes"
"Message",Normal,"    12 |          1 | McgFixups"
"Message",Normal,"    11 |          0 | GetType"
"Message",Normal,"    10 |          2 | DebuggerGuidedStepThroughJmc"
"Message",Normal,"    10 |          0 | McgAccessor"
"Message",Normal,"     6 |          0 | ReflectionIntrinsics"
"Message",Normal,"     6 |          0 | DispatchProxyIntrinsics"
"Message",Normal,"     5 |          1 | Delegate"
"Message",Normal,"     4 |          0 | ScrubOpenCalls"
"Message",Normal,"     3 |          1 | Attribute"
"Message",Normal,"     3 |          0 | ReducedCopyCleanup"
"Message",Normal,"     2 |          0 | EventSource"
"Message",Normal,"     2 |          0 | ReflectionInvoke"
"Message",Normal,"     2 |          0 | ConvertCatchIntoFilter"
"Message",Normal,"     1 |          0 | AddReflectionBlockedAttributes"
"Message",Normal,"     1 |          0 | ValueType"
"Message",Normal,"     1 |          1 | ReflectionMappingInfoEmit"
"Message",Normal,"     0 |          0 | ResourceManagerCtor"
"Message",Normal,"     0 |          0 | DisableOptimization"
"Message",Normal,"     0 |          0 | StartupCodeInjector"
"Message",Normal,"     0 |          0 | ComImportDetector"
"Message",Normal,"     0 |          0 | ConvertManagedWinMD"
"Message",Normal,"     0 |          0 | DeveloperExperienceModeOnlyCodeRemover"
"Message",Normal,"     0 |          1 | ReducedCopyPassResourcesToMutableAssembly"
"Message",Low,"L'esecuzione dell'attività ""RunILTransforms"" è stata completata."
"Message",Low,"La compilazione della destinazione ""RunILTransforms"" nel file ""ILTransforms"" è stata completata."
"Message",Low,"La compilazione del progetto ""ILTransforms"" è stata completata."
"Message",Low,""
"Message",Low,""
"Message",Low,"La compilazione della destinazione ""GenerateMDIL"" nel file ""Nutc"" è stata completata."
"Message",Low,""
"Message",High,"Generazione del codice nativo"
"Message",Low,"La compilazione della destinazione ""MDILPrepareMultiFile"" nel file ""Nutc"" è stata completata."
"Message",Low,""
"Message",Low,"La compilazione della destinazione ""SetBinaryForReferences"" nel file ""Nutc"" è stata completata."
"Message",Low,""
"Message",Low,"Attività ""GenerateMDILGlobalAnalysis"""
"Message",Normal,"Avvio di 'C:\Program Files (x86)\Microsoft SDKs\UWPNuGetPackages\runtime.win10-arm.microsoft.net.native.compiler\2.2.7-rel-27913-00\tools\ARM\ilc\Tools\nutc_driver.exe @""C:\Users\FrancescoFioravanti\source\repos\ttsrl\TTPackStartup\TTPackStartup\obj\ARM\Release\ilc\intermediate\MDIL\TTPackStartup.rsp""'"
"Message",Low,"Microsoft (R) MDIL Compiler - Version 2.2.27913.00"
"Message",Low,"Copyright (c) Microsoft Corporation.  All rights reserved."
"Message",Low,"Analisi dei tipi di input"
"Message",Low,"Analisi dei metodi di 1681."
"Message",Low,"Analisi dei metodi di 3052."
"Message",Low,"Analisi dei metodi di 1687."
"Message",Low,"Analisi dei metodi di 646."
"Message",Low,"Analisi dei metodi di 555."
"Message",Low,"Analisi dei metodi di 320."
"Message",Low,"Analisi dei metodi di 161."
"Message",Low,"Analisi dei metodi di 119."
"Message",Low,"Analisi dei metodi di 73."
"Message",Low,"Analisi dei metodi di 77."
"Message",Low,"Analisi dei metodi di 50."
"Message",Low,"Analisi dei metodi di 18."
"Message",Low,"Analisi dei metodi di 12."
"Message",Low,"Analisi dei metodi di 6."
"Message",Low,"Analisi dei metodi di 5."
"Message",Low,"Analisi dei metodi di 18."
"Message",Low,"Analisi dei metodi di 44."
"Message",Low,"Analisi dei metodi di 19."
"Message",Low,"Analisi dei metodi di 9."
"Message",Low,"Analisi dei metodi di 6."
"Message",Low,"Analisi dei metodi di 2."
"Message",Low,"Generazione di codice eager"
"Message",Low,"Compilazione dei metodi di 8560."
"Message",Low,"Generazione di codice posticipata"
"Message",Low,"La chiamata al metodo gestito Initialize è riuscita. Codice di uscita: 0 durante la generazione di CTL.Statistiche dei metadati dell'analisi dello stack"
"Message",Low,"Numero di metodi creati:   3768"
"Message",Low,"Dimensione del BLOB dei metadati:          158155"
"Message",Low,"Dimensione del mapping RVA-token del metodo: 30144"
"Message",Low,"Dimensione nativa totale:          188299"
"Message",Low,"Generazione di 'C:\Users\FrancescoFioravanti\source\repos\ttsrl\TTPackStartup\TTPackStartup\obj\ARM\Release\ilc\intermediate\MDIL\TTPackStartup.mdilexe' completata"
"Message",Low,"Generazione di 'C:\Users\FrancescoFioravanti\source\repos\ttsrl\TTPackStartup\TTPackStartup\obj\ARM\Release\ilc\intermediate\MDIL\TTPackStartup.mdilpdb' completata"
"Message",Low,"Compilazione eseguita nel codice MDIL."
"Message",Normal,"'C:\Program Files (x86)\Microsoft SDKs\UWPNuGetPackages\runtime.win10-arm.microsoft.net.native.compiler\2.2.7-rel-27913-00\tools\ARM\ilc\Tools\nutc_driver.exe @""C:\Users\FrancescoFioravanti\source\repos\ttsrl\TTPackStartup\TTPackStartup\obj\ARM\Release\ilc\intermediate\MDIL\TTPackStartup.rsp""' completato."
"Message",Normal,"Statistiche di esecuzione dei processi (tempi espressi in millisecondi)"
"Message",Normal,"-----------------------------------------------------------------------------"
"Message",Normal,"avvio | inizio | arresto | fine | durata | ciclo di vita | nome [slot]"
"Message",Normal,"-----------------------------------------------------------------------------"
"Message",Normal,"       0 |       16 |     9922 |     9922 |     9906 |     9922 | [0] Nutc GlobalAnalysis"
"Message",Normal,"Numero di comandi:      1"
"Message",Normal,"Tempo di sistema totale:       9922 ms"
"Message",Normal,"Tempo di sistema per comando: 9922 ms"
"Message",Normal,"Durata totale:          9906 ms"
"Message",Normal,"Ciclo di vita totale:          9922 ms"
"Message",Normal,"DOP richiesto:           4"
"Message",Normal,"DOP durata:            1,0"
"Message",Normal,"DOP ciclo di vita:            1,0"
"Message",Low,"L'esecuzione dell'attività ""GenerateMDILGlobalAnalysis"" è stata completata."
"Message",Low,"La compilazione della destinazione ""GenerateMDILGlobalAnalysis"" nel file ""Nutc"" è stata completata."
"Message",Low,""
"Message",Low,"Attività ""rc"""
"Message",Normal,"Avvio di 'C:\Program Files (x86)\Windows Kits\10\bin\10.0.17763.0\x64\rc.exe /c ""65001"" /r /fo ""C:\Users\FrancescoFioravanti\source\repos\ttsrl\TTPackStartup\TTPackStartup\obj\ARM\Release\ilc\intermediate\BuildInfo\BuildInfo.res"" ""C:\Users\FrancescoFioravanti\source\repos\ttsrl\TTPackStartup\TTPackStartup\obj\ARM\Release\ilc\intermediate\BuildInfo\BuildInfo.rc""'"
"Message",Low,"Microsoft (R) Windows (R) Resource Compiler Version 10.0.10011.16384"
"Message",Low,"Copyright (C) Microsoft Corporation.  All rights reserved."
"Message",Normal,"'C:\Program Files (x86)\Windows Kits\10\bin\10.0.17763.0\x64\rc.exe /c ""65001"" /r /fo ""C:\Users\FrancescoFioravanti\source\repos\ttsrl\TTPackStartup\TTPackStartup\obj\ARM\Release\ilc\intermediate\BuildInfo\BuildInfo.res"" ""C:\Users\FrancescoFioravanti\source\repos\ttsrl\TTPackStartup\TTPackStartup\obj\ARM\Release\ilc\intermediate\BuildInfo\BuildInfo.rc""' completato."
"Message",Normal,"Statistiche di esecuzione dei processi (tempi espressi in millisecondi)"
"Message",Normal,"-----------------------------------------------------------------------------"
"Message",Normal,"avvio | inizio | arresto | fine | durata | ciclo di vita | nome [slot]"
"Message",Normal,"-----------------------------------------------------------------------------"
"Message",Normal,"       0 |        0 |       47 |       47 |       47 |       47 | [0] rc"
"Message",Normal,"Numero di comandi:      1"
"Message",Normal,"Tempo di sistema totale:       47 ms"
"Message",Normal,"Tempo di sistema per comando: 47 ms"
"Message",Normal,"Durata totale:          47 ms"
"Message",Normal,"Ciclo di vita totale:          47 ms"
"Message",Normal,"DOP richiesto:           4"
"Message",Normal,"DOP durata:            1,0"
"Message",Normal,"DOP ciclo di vita:            1,0"
"Message",Low,"L'esecuzione dell'attività ""rc"" è stata completata."
"Message",Low,"Attività ""ResourceBinaryConcatenate"""
"Message",Normal,"Concatenazione in 'C:\Users\FrancescoFioravanti\source\repos\ttsrl\TTPackStartup\TTPackStartup\obj\ARM\Release\ilc\intermediate\Native.res' con allineamento '4'."
"Message",Normal," Aggiunta di 'C:\Users\FrancescoFioravanti\source\repos\ttsrl\TTPackStartup\TTPackStartup\obj\ARM\Release\ilc\intermediate\ILTransformed\TTPackStartup.res' in corrispondenza dell'offset 0."
"Message",Normal," Aggiunta di 'C:\Users\FrancescoFioravanti\source\repos\ttsrl\TTPackStartup\TTPackStartup\obj\ARM\Release\ilc\intermediate\BuildInfo\BuildInfo.res' in corrispondenza dell'offset 1416."
"Message",Low,"L'esecuzione dell'attività ""ResourceBinaryConcatenate"" è stata completata."
"Message",Low,"La compilazione della destinazione ""GenerateBuildInfo"" nel file ""Nutc"" è stata completata."
"Message",Low,"La compilazione del progetto ""Nutc"" è stata completata."
"Message",Low,""
"Message",Low,""
"Message",Low,"La compilazione della destinazione ""MDILBindPrepare"" nel file ""Binder"" è stata completata."
"Message",Low,""
"Message",High,"Generazione delle correzioni per il codice nativo"
"Message",Low,"Attività ""MDILBind"""
"Message",Normal,"Avvio di 'C:\Program Files (x86)\Microsoft SDKs\UWPNuGetPackages\runtime.win10-arm.microsoft.net.native.compiler\2.2.7-rel-27913-00\tools\ARM\ilc\Tools\rhbind.exe @""C:\Users\FrancescoFioravanti\source\repos\ttsrl\TTPackStartup\TTPackStartup\obj\ARM\Release\ilc\intermediate\rhbindargs.TTPackStartup.rsp""'"
"Message",Low,"VERSIONE SO: principale: 6  secondaria: 2"
"Message",Low,"MDIL: C:\Users\FrancescoFioravanti\source\repos\ttsrl\TTPackStartup\TTPackStartup\obj\ARM\Release\ilc\intermediate\MDIL\TTPackStartup.mdilexe"
"Message",Low,"MDILPDB: C:\Users\FrancescoFioravanti\source\repos\ttsrl\TTPackStartup\TTPackStartup\obj\ARM\Release\ilc\intermediate\MDIL\TTPackStartup.mdilpdb"
"Message",Low,"IL: C:\Users\FrancescoFioravanti\source\repos\ttsrl\TTPackStartup\TTPackStartup\obj\ARM\Release\ilc\intermediate\MDIL\TTPackStartup.ilexe"
"Message",Low,"NI: C:\Users\FrancescoFioravanti\source\repos\ttsrl\TTPackStartup\TTPackStartup\obj\ARM\Release\ilc\intermediate\Native\TTPackStartup.dll"
"Message",Low,"SHIM: C:\Users\FrancescoFioravanti\source\repos\ttsrl\TTPackStartup\TTPackStartup\obj\ARM\Release\ilc\intermediate\Native\TTPackStartup.exe"
"Message",Low,"REDHAWK_RUNTIME_DLL_NAME_A=mrt100_app.dll"
"Message",Low,"File PDB: C:\Users\FrancescoFioravanti\source\repos\ttsrl\TTPackStartup\TTPackStartup\obj\ARM\Release\ilc\intermediate\Native\TTPackStartup.pdb"
"Message",Low,"C:\Users\FrancescoFioravanti\source\repos\ttsrl\TTPackStartup\TTPackStartup\obj\ARM\Release\ilc\intermediate\Native\TTPackStartup.dll prodotto in 0.784 secondi"
"Message",Normal,"'C:\Program Files (x86)\Microsoft SDKs\UWPNuGetPackages\runtime.win10-arm.microsoft.net.native.compiler\2.2.7-rel-27913-00\tools\ARM\ilc\Tools\rhbind.exe @""C:\Users\FrancescoFioravanti\source\repos\ttsrl\TTPackStartup\TTPackStartup\obj\ARM\Release\ilc\intermediate\rhbindargs.TTPackStartup.rsp""' completato."
"Message",Normal,"Statistiche di esecuzione dei processi (tempi espressi in millisecondi)"
"Message",Normal,"-----------------------------------------------------------------------------"
"Message",Normal,"avvio | inizio | arresto | fine | durata | ciclo di vita | nome [slot]"
"Message",Normal,"-----------------------------------------------------------------------------"
"Message",Normal,"       0 |        0 |      797 |      813 |      797 |      813 | [0] rhbind TTPackStartup"
"Message",Normal,"Numero di comandi:      1"
"Message",Normal,"Tempo di sistema totale:       813 ms"
"Message",Normal,"Tempo di sistema per comando: 813 ms"
"Message",Normal,"Durata totale:          797 ms"
"Message",Normal,"Ciclo di vita totale:          813 ms"
"Message",Normal,"DOP richiesto:           4"
"Message",Normal,"DOP durata:            1,0"
"Message",Normal,"DOP ciclo di vita:            1,0"
"Message",Low,"L'esecuzione dell'attività ""MDILBind"" è stata completata."
"Message",Low,"La compilazione della destinazione ""MDILBind"" nel file ""Binder"" è stata completata."
"Message",Low,"La compilazione del progetto ""Binder"" è stata completata."
"Message",Low,""
"Message",Low,""
"Message",Low,"La compilazione della destinazione ""CopyNativeExecutablesToOutput"" nel file ""Deployment"" è stata completata."
"Message",Low,""
"Message",Low,"Attività ""TransformAppxManifest"""
"Message",Low,"L'esecuzione dell'attività ""TransformAppxManifest"" è stata completata."
"Message",Low,"La compilazione della destinazione ""TransformAppxManifestAndAddCrt"" nel file ""Deployment"" è stata completata."
"Message",Low,""
"Message",Low,"La compilazione della destinazione ""CopyPackageResourceFileInRetailBuild"" nel file ""Deployment"" è stata completata."
"Message",Low,"La compilazione del progetto ""Deployment"" è stata completata."
"Message",Low,"La compilazione è stata completata"
